,VSLNumber,SampleID,Day_Initial,SPC_DI,SPC_D7,SPC_D14,SPC_D21,CVTA_DI,CVTA_D7,CVTA_D14,CVTA_D21,spoilagetype
1,463,11,2,62,80,22000,4.3e+08,5,5,20,700,spore spoilage
2,463,12,2,3,70,2200,130000,5,5,82,5300,spore spoilage
3,463,12-1,2,51,40,31,5400,5,5,5,40,spore spoilage
4,463,13,2,72,1000,25000,3.3e+07,5,1600,3.3e+07,4.4e+07,PPC
5,463,14,2,20,50,5300000,2700000,5,5,220000,2500,spore spoilage
6,468,21,3,220,400,520,20000,5,5,5,2500,no spoilage
7,468,21-1,3,390,43000,6.3e+08,5.6e+08,5,47000,9e+08,6.2e+08,PPC
8,468,22,3,190,180,1e+05,65000,5,5,3700,5,PPC
9,468,22-1,3,190,4e+06,25000,8.2e+08,5,4e+06,50000,8.4e+08,PPC
10,468,23,3,490,650,530,4e+06,5,20,120,2800000,PPC
11,468,23-1,3,570,630,4e+08,5.7e+08,5,80,4e+08,8.6e+08,PPC
12,468,24,3,90,150,330,250000,5,5,1800,20,no spoilage
13,468,24-1,3,210,4e+06,6.7e+08,3.6e+08,5,4e+06,8.2e+08,2.2e+08,PPC
14,472,11,3,710,430,1.3e+07,2100000,5,5,1e+07,5,PPC
15,472,11-1,3,1500,980,82000,2800000,5,5,8100000,1.6e+08,PPC
16,472,12,3,710,1100,110,920,5,5,5,5,spore spoilage
17,472,12-1,3,980,150,2300000,6e+07,5,5,4e+08,7e+07,PPC
18,472,12-2,3,560,120,1.1e+07,2e+07,5,5,78000,1.2e+07,PPC
19,472,13,3,1700,1800,230,1e+05,5,5,1600,6800000,PPC
20,472,13-1,3,1600,1400,7.7e+08,9.3e+08,5,780,1.1e+09,7e+08,PPC
21,472,14,3,990,760,2600,440000,5,5,20000,2700000,PPC
22,472,14-1,3,850,39000,7e+08,1.6e+09,5,110000,8.2e+08,1.3e+09,PPC
23,472,15,3,130,150,150000,2.2e+07,5,4e+06,4e+08,1e+08,PPC
24,472,16,3,770,39000,4.5e+08,9.9e+08,20,71000,1.4e+09,7.2e+08,PPC
25,466,11,3,210,130,590,280000,5,5,5,5,no spoilage
26,466,12,3,440,5400,1.8e+08,1e+05,5,3100,1e+08,5,PPC
27,466,12-1,3,350,280,12000,4.9e+07,5,5,5,2000,spore spoilage
28,466,12-2,3,480,640,80,16000,5,5,5,5,no spoilage
29,466,13,3,100,100,20,3100,5,5,5,2600,no spoilage
30,466,13-1,3,80,60,17000,6.7e+07,5,5,5,500,spore spoilage
31,466,14,3,900,200,8000,1300000,5,20,30000,4e+08,PPC
32,466,15,3,100,20,2100000,2.7e+08,5,5,5,500,spore spoilage
33,468,11,1,10,30,90,1e+05,5,5,5,16000,no spoilage
34,468,12,1,10,30,610,9200000,5,1900,4.4e+08,4e+10,PPC
35,468,12-1,1,3,30,20,12000,5,5,5,5,no spoilage
36,468,12-2,1,10,80,50,83000,5,5,5,21000,no spoilage
37,468,13,1,10,30,3,5400,5,1400,2.5e+07,4e+08,PPC
38,468,13-1,1,30,20,30,40,5,5,5,5,no spoilage
39,468,13-2,1,20,3,90,190000,5,5,5,5,spore spoilage
40,468,14,1,50,40,150,290000,5,5,5,160,spore spoilage
41,468,15,1,3,10,120000,1.8e+08,5,5,5,50000,spore spoilage
42,463,21,3,4600,5000,2.6e+07,2500000,5,41,1.3e+07,5e+06,PPC
43,463,22,3,400,380,3e+07,4.5e+08,5,270,1.2e+07,3.9e+08,PPC
44,463,22-1,3,61,3300,2.8e+07,5.7e+07,5,3300,2.5e+07,6.5e+07,PPC
45,463,23,3,10,220,3.8e+07,2.2e+08,5,290,1.3e+07,1.8e+08,PPC
46,463,23-1,3,20,41000,3.5e+07,6.8e+07,5,39000,4.4e+07,5.9e+07,PPC
47,463,25,3,13000,40000,6.8e+07,2.8e+08,5,220,1e+08,1.5e+07,PPC
48,463,25-1,3,22000,31000,4500000,2e+08,5,2000,2e+05,1.7e+08,PPC
49,469,11,4,40,350,2200000,4.7e+08,5,5,2800000,4.1e+08,PPC
50,469,11-1,4,750,160000,1.5e+08,6.2e+08,880,230000,1.5e+08,4.4e+08,PPC
51,469,12,4,10,80,1100000,2.3e+08,5,40,1400000,1.5e+08,PPC
52,469,13,4,10,7000,1.1e+08,8.1e+08,20,7100,1.4e+08,4.8e+08,PPC
53,469,15,4,90,1400,2.6e+08,4.2e+08,5,1500,2.3e+08,3.8e+08,PPC
54,472,61,3,33000,140,110000,NA,5,5,5,NA,spore spoilage
55,472,61-1,3,15000,340,33000,NA,5,32000,2.6e+07,NA,PPC
56,472,61-2,3,15000,200,110000,NA,5,47000,1.9e+07,NA,PPC
57,472,61-3,3,30000,330000,1.8e+08,NA,5,190000,770000,NA,PPC
58,472,62,3,32000,20,99000,NA,5,5,580,NA,spore spoilage
59,472,62-1,3,21000,2800000,2.1e+08,NA,5,2600000,1.4e+08,NA,PPC
60,472,63,3,17000,110000,1.4e+08,NA,5,140000,1e+08,NA,PPC
61,472,63-1,3,25000,960000,1.5e+08,NA,5,620000,7.7e+07,NA,PPC
62,472,65,3,18000,55000,3.7e+08,NA,5,170000,2.2e+08,NA,PPC
63,472,65-1,3,20000,310000,3e+08,NA,5,540000,2.5e+08,NA,PPC
64,463,51,3,450,3900,5100000,2.9e+07,5,3000,7e+05,1.7e+07,PPC
65,463,55,3,640,660,2600000,4.1e+08,5,20,20000,50000,PPC
66,466,31,2,50,570,3100000,5.2e+07,40,440,510000,7.4e+07,PPC
67,466,35,2,5,5,11000,78000,5,5,5,500,spore spoilage
68,466,36,3,5,10,2100,4600000,5,5,5,500,spore spoilage
69,468,51,2,40,70,10,60,5,5,5,5,no spoilage
70,468,55,2,3,3,100,11000,5,5,5,200,no spoilage
71,468,56,17,30,NA,NA,10,5,NA,NA,5,no spoilage
72,470,31,2,10,3,10,20,5,5,5,5,no spoilage
73,470,35,2,3,3,220,4e+06,5,5,140,5,spore spoilage
74,470,36,10,10,20,70,84000,5,5,40,5,spore spoilage
75,470,36-1,10,10,3,3,2000,5,5,5,140,no spoilage
76,464,51,3,90,220,8000,250,5,5,5,500,no spoilage
77,464,51-1,17,390,NA,NA,200,3800,NA,NA,36000,no spoilage
78,467,31,3,10,20,850000,1200000,5,5,3200000,150000,PPC
79,469,41,4,10,20,86000,26000,5,5,64000,480,PPC
80,469,41-1,11,10,NA,20,640000,5,NA,5,5,spore spoilage
81,472,41,3,10,20,50,360,5,5,5,5,no spoilage
82,472,41-1,5,40,NA,160,80000,5,NA,5,48000,PPC
83,471,61,5,100,NA,1.6e+07,5.3e+07,5,NA,1.6e+07,4.9e+07,PPC
84,471,61-1,4,3,30,4e+05,3500000,5,20,28000,3300000,PPC
85,463,31,3,120,22000,1.9e+07,NA,5,75000,1.8e+07,NA,PPC
86,463,33,3,270,4100,4.3e+07,NA,5,22000,1.8e+07,NA,PPC
87,463,33-1,3,290,4100,4.7e+07,NA,5,14000,2e+08,NA,PPC
88,463,34,3,170,250000,2.5e+08,NA,20,210000,8.2e+07,NA,PPC
89,463,34-1,3,61,130000,4.9e+08,NA,5,30000,3.8e+08,NA,PPC
90,463,34-2,3,6600,91000,5.2e+08,NA,5,32000,2.2e+08,NA,PPC
91,463,35,3,14000,5e+07,2.4e+08,NA,14000,50000,7.8e+08,NA,PPC
92,470,41,3,30,110000,5.7e+07,NA,5,91000,5.2e+07,NA,PPC
93,470,43,3,10,4e+06,3.3e+08,NA,5,4e+05,6.9e+08,NA,PPC
94,470,43-1,3,30,4e+06,2.6e+08,NA,40,4e+05,2.1e+08,NA,PPC
95,470,44,3,50,4e+06,6.4e+08,NA,40,4e+05,4.2e+08,NA,PPC
96,470,44-1,3,3,4e+06,8.5e+07,NA,20,4e+05,1.3e+08,NA,PPC
97,470,44-2,3,50,4e+06,1.9e+08,NA,20,4e+05,2.2e+08,NA,PPC
98,470,45,3,3,85000,5.8e+08,NA,5,110000,2e+08,NA,PPC
99,467,51,3,70,60,50,64000,5,5,5,5e+08,PPC
100,467,51-1,3,40,140000,2e+07,2.6e+09,20,28000,1.9e+07,2.2e+09,PPC
101,467,52,1,30,2500,7.2e+07,50000,5,2400,8.6e+07,50000,PPC
102,467,53,1,20,40,20,3e+08,5,5,5,2.8e+08,PPC
103,467,55,4,40,440,1.6e+07,6.4e+08,5,320,1.5e+07,6.2e+08,PPC
104,467,55-1,4,5,40,18000,2.4e+08,5,20,5,36000,spore spoilage
105,469,31,3,3,60,20,20,5,5,5,5,no spoilage
106,469,31-1,3,50,30,40,4e+05,5,5,20,40,spore spoilage
107,469,32,1,40,4e+06,1.3e+08,2.6e+08,5,4e+06,1.3e+08,2.2e+08,PPC
108,469,33,1,30,70,20,8700,5,5,5,5,no spoilage
109,469,35,2,10,540,1500000,7.3e+07,5,5,8300,180,spore spoilage
110,469,35-1,2,60,270,3600000,5.4e+07,5,5,5,5,spore spoilage
111,471,31,2,40,4e+06,2.5e+08,NA,5,4e+06,2.6e+08,NA,PPC
112,471,35,2,50,4e+06,1.8e+08,NA,20,4e+06,1.1e+08,NA,PPC
113,463,41,3,3,590,5400000,2.1e+07,5,800,3400000,1.4e+07,PPC
114,463,42,3,41,3300,1.3e+07,5.4e+07,5,2600,5400000,5.7e+07,PPC
115,463,43,3,51,82,70,51,5,5,500,20,no spoilage
116,463,45,3,50,20,40,4500000,5,5,5,61,spore spoilage
117,470,51,3,40,31000,3.8e+08,1.6e+09,5,29000,2.6e+08,1.4e+09,PPC
118,470,52,3,10,15000,2.4e+08,7.5e+08,5,14000,1.8e+08,4.6e+08,PPC
119,470,53,3,10,34000,1.6e+08,1.2e+09,5,32000,1.5e+08,1.3e+09,PPC
120,470,55,3,40,20,2.9e+08,3.4e+08,5,60,2.5e+08,2.6e+08,PPC
121,472,51,14,4e+05,NA,NA,1.3e+08,4e+05,NA,NA,9.8e+07,PPC
122,472,51-1,14,4e+05,NA,NA,2.1e+07,4e+05,NA,NA,9.6e+07,PPC
123,472,55,7,4e+05,NA,8.7e+07,2.2e+08,4e+05,NA,7.9e+07,2.1e+08,PPC
124,470,71,3,490,350,670,71000,5,80,4e+08,1.4e+07,PPC
125,470,71-1,16,110,110,780,NA,5,5,5,NA,no spoilage
126,470,75,2,670,210000,2.1e+07,1.6e+08,320,1100000,3.4e+08,5.4e+08,PPC
127,467,71,2,960,2800,1.5e+08,NA,5,27000,1.4e+08,NA,PPC
128,467,72,2,1500,14000,39000,NA,5,68000,6.2e+07,NA,PPC
129,467,72-1,2,1500,1600,160000,NA,5,5,5,NA,spore spoilage
130,467,72-2,2,1700,2800,7.8e+07,NA,5,160,1.3e+07,NA,PPC
131,467,73,2,320,18000,240000,NA,5,14000,500,NA,PPC
132,467,73-1,2,270,4e+06,3e+08,NA,40,4e+06,4.8e+08,NA,PPC
133,467,73-2,2,750,4e+06,2e+08,NA,5,4e+06,5e+08,NA,PPC
134,467,74,2,700,11000,2.3e+08,NA,5,11000,2.8e+08,NA,PPC
135,467,75,2,5,5,48000,NA,5,5,5,NA,spore spoilage
136,472,21,3,330,1400,1.1e+09,8600000,5,54000,1.2e+09,2.8e+08,PPC
137,472,22,3,230,410,4e+08,1.3e+08,5,5,4e+08,1.6e+08,PPC
138,472,22-1,3,410,190,88000,450000,5,5,5,5,spore spoilage
139,472,22-2,3,240,4e+06,4.3e+08,3.7e+08,100,4e+06,1e+09,3.7e+08,PPC
140,472,23,3,210,3400,9.2e+08,4.7e+07,5,3600,8e+08,80,PPC
141,472,24,3,250,1300,2.5e+08,4700000,5,860,2.8e+08,12000,PPC
142,472,25,3,20,30,130000,9300000,5,5,5,400,spore spoilage
143,466,22,3,210,900,510,4600000,5,5,5,500,spore spoilage
144,466,22-1,3,230,50,620000,9.1e+08,5,5,6e+05,5e+08,PPC
145,466,22-2,3,240,110,930,1e+06,5,5,5,8000,spore spoilage
146,466,23,3,250,320,170,5e+06,5,5,5,500,spore spoilage
147,466,23-1,3,70,30,1200,1900000,5,5,5,500,spore spoilage
148,466,24,3,280,100,3500,850000,5,5,5,5,spore spoilage
149,466,25,3,30,50,6800,1.9e+07,5,5,5,500,spore spoilage
150,470,11,3,40,100,93000,1.8e+08,5,100,4e+08,7e+07,PPC
151,470,12,3,30,100,9500,3200000,5,5,110,4400,spore spoilage
152,470,12-1,3,50,30,1200,1e+05,5,5,5,40,no spoilage
153,470,12-2,3,50,90,21000,3.7e+07,5,5,5,5,spore spoilage
154,470,13,3,80,60,950,1400000,5,5,5,5,spore spoilage
155,470,13-1,3,20,41000,1.6e+08,5.7e+08,5,67000,2e+08,7.2e+08,PPC
156,470,14,3,100,4e+06,1.2e+09,2.5e+08,5,4e+05,1.1e+09,1.6e+08,PPC
157,470,14-1,3,10,40,840,170000,5,5,5,180,spore spoilage
158,470,15,3,470,2600,1.8e+08,3.1e+09,5,2200,2.1e+08,2.4e+09,PPC
159,467,21,6,640,710,410000,1.7e+09,5,5,30000,50000,spore spoilage
160,467,21-1,8,1300,NA,3.4e+07,8e+07,155,NA,4e+06,7.3e+07,PPC
161,467,22,7,1200,NA,3400,1.1e+07,5,NA,340,3400000,PPC
162,467,23,8,430,NA,4e+06,4.1e+07,5,NA,4e+06,1.4e+07,PPC
163,467,23-1,8,690,NA,1.6e+07,6.6e+07,5,NA,4e+06,3.6e+07,PPC
164,467,24,8,630,NA,4e+06,7.4e+08,5,NA,4e+06,1.1e+09,PPC
165,472,31,3,20,20,4e+08,8.6e+08,5,5,4e+08,8.4e+08,PPC
166,472,31-1,3,3,4e+06,2.5e+08,9.2e+08,40,4e+06,1.6e+09,8.2e+08,PPC
167,472,31-2,3,190,110000,4.6e+08,1.1e+09,60,4e+06,8e+08,1.4e+09,PPC
168,472,32-1,3,100,4e+06,8.8e+08,3.2e+08,5,4e+06,8.2e+08,3.5e+08,PPC
169,472,33-1,3,20,4e+06,7e+08,4.2e+08,100,4e+06,1.3e+09,6.8e+08,PPC
170,472,33-2,3,30,4e+06,6.9e+08,6.4e+08,80,4e+06,1.8e+09,6.2e+08,PPC
171,472,34,3,3,3,3.3e+07,1.7e+08,5,20,3.3e+07,1.7e+08,PPC
172,472,34-1,3,10,110000,2.9e+08,3.9e+08,20,4e+06,1.1e+09,7e+08,PPC
173,464,21,3,1300,1600,160000,7.8e+08,5,1800,3400000,7.8e+08,PPC
174,464,21-1,3,1000,1400,870,16000,5,5,5,8000,no spoilage
175,464,21-2,3,540,1200,2.2e+07,7.3e+08,5,720,2.3e+07,4.4e+08,PPC
176,464,22,3,1400,2600,7900000,3.3e+08,5,2200,8e+07,2.4e+08,PPC
177,464,22-1,3,1500,1800,4.9e+07,5.3e+08,5,820,3.2e+07,2.4e+09,PPC
178,464,24,3,640,39000,6200000,3.6e+08,5,39000,5.6e+07,3.4e+08,PPC
179,464,24-1,3,580,110000,5.9e+07,1.6e+09,5,130000,5.9e+07,1.2e+09,PPC
180,464,25,3,210,3400,1.2e+08,2.6e+08,5,3400,1.1e+08,1.4e+08,PPC
181,469,21,3,220,140,4300,1800,5,5,5,740,no spoilage
182,469,21-1,5,200,NA,1900,1400000,5,NA,5,500,spore spoilage
183,469,21-2,3,160,220,150,2100,5,5,5,5,no spoilage
184,469,21-3,3,110,130,110,840,5,5,20,5,no spoilage
185,469,22,3,260,220,120,260,5,5,5,5,no spoilage
186,469,22-1,5,280,NA,670,560000,5,NA,5,5,spore spoilage
187,469,22-2,3,240,190,150,2700,5,5,5,5,no spoilage
188,469,23,3,140,15000,8.2e+07,2.6e+08,5,16000,8.4e+07,2e+08,PPC
189,469,23-1,3,170,130,4e+07,3.2e+08,5,5,4e+08,1.2e+08,PPC
190,469,24,3,240,180,120,230,5,5,5,5,no spoilage
191,469,24-1,6,290,NA,1900,1400000,5,NA,5,5,spore spoilage
192,469,25,6,80,NA,2.6e+08,1.1e+09,5,NA,2.6e+08,1.1e+09,PPC
193,471,71,6,160,NA,190,NA,5,NA,5,NA,no spoilage
194,471,71-1,3,590,4e+06,2e+07,NA,260,4e+06,3.4e+07,NA,PPC
195,471,72,3,230,4e+06,1.9e+08,NA,80,4e+06,1.7e+08,NA,PPC
196,471,72-1,7,130000,NA,8.5e+07,NA,4e+05,NA,7.7e+07,NA,PPC
197,471,73,3,250,130000,6.1e+07,NA,5,130000,9e+07,NA,PPC
198,471,73-1,3,170,4e+06,1.1e+07,NA,140,4e+06,2.2e+08,NA,PPC
199,471,73-2,3,550,4e+06,7e+07,NA,280,4e+06,5.6e+07,NA,PPC
200,471,74,6,230,NA,190,NA,5,NA,5,NA,no spoilage
201,471,74-1,3,780,4e+06,2.7e+07,NA,480,4e+06,1.6e+08,NA,PPC
202,471,75,3,270,4e+06,2.8e+07,NA,40,4e+06,1e+08,NA,PPC
203,466,41,5,280,3000,1.7e+08,NA,20,2500,1.1e+08,NA,PPC
204,466,42,5,2300,2400,9.4e+07,NA,5,1700,9.9e+07,NA,PPC
205,466,43,5,2100,1100,2500,NA,5,5,5,NA,no spoilage
206,466,45,5,10,30,7800000,NA,5,20,2600000,NA,PPC
207,468,41,1,3300,19000,1.2e+09,NA,5,18000,1.3e+09,NA,PPC
208,468,42,1,4200,4600,10000,NA,5,20,5,NA,no spoilage
209,468,43,1,2600,1900,19000,NA,5,5,3700,NA,no spoilage
210,468,45,1,10,3,130000,NA,5,5,5,NA,spore spoilage
211,464,31,3,1600,1300,6100,NA,5,5,220,NA,no spoilage
212,464,32,3,1800,920,5400000,NA,5,5,6400000,NA,PPC
213,464,32-1,3,1400,22000,7.4e+07,NA,5,28000,6.8e+07,NA,PPC
214,464,32-2,3,1600,1500,45000,NA,5,20,35000,NA,no spoilage
215,464,32-3,3,1600,1200,9200,NA,5,5,5,NA,no spoilage
216,464,32-4,3,1400,5100,2200,NA,5,5,20,NA,no spoilage
217,464,32-5,3,1700,1500,5.1e+07,NA,5,420,4.2e+07,NA,PPC
218,464,32-6,3,1500,1500,12000,NA,5,5,4300,NA,no spoilage
219,464,33,3,1500,2300,9000,NA,5,5,2000,NA,no spoilage
220,464,33-1,3,540,2100,1500,NA,5,5,5,NA,no spoilage
221,464,33-2,3,2500,2700,530000,NA,5,5,5,NA,spore spoilage
222,464,33-3,3,2300,11000,6e+06,NA,5,59000,3.4e+07,NA,PPC
223,464,33-4,3,1600,2300,1.2e+07,NA,5,5,500,NA,spore spoilage
224,464,34,3,1400,1200,140000,NA,5,20,140000,NA,PPC
225,464,34-1,3,1800,2400,2.4e+07,NA,5,5,2.7e+07,NA,PPC
226,464,35,3,1500,2200,2.3e+07,NA,5,1100,2.6e+07,NA,PPC
227,471,21,3,120,120,520,91000,5,5,5,5,spore spoilage
228,471,22,3,70,80,21000,1300000,5,5,20,5,spore spoilage
229,471,22-1,3,50,3,540,94000,5,5,5,5,spore spoilage
230,471,22-2,3,220,940,7400000,6.4e+07,5,580,1e+07,5e+07,PPC
231,471,22-3,3,90,50,82000,5800000,5,5,110000,4400000,PPC
232,471,22-4,3,50,40,230,1400000,5,5,300,64000,PPC
233,471,23,3,90,40,110,110000,5,5,40,20,spore spoilage
234,471,23-1,3,50,50,70,5800,5,5,5,5,no spoilage
235,471,24,3,150,40,370,180000,5,5,5,300,spore spoilage
236,471,24-1,3,40,1900,9600000,8.2e+08,5,2200,1e+07,6.2e+08,PPC
237,471,25,3,20,40,11000,6800000,5,5,1600,20,spore spoilage
238,471,25-1,3,50,40,150000,2.1e+07,5,5,5,500,spore spoilage
239,471,25-2,3,60,280,6900000,5.5e+08,5,5,500,50000,spore spoilage
240,471,25-3,3,50,10,75000,1900000,5,5,300,40,spore spoilage
241,467,11,6,5,NA,2.6e+07,2.5e+08,5,NA,2.9e+07,5.6e+08,PPC
242,467,12,3,180,460,1000,9000,5,320,500,660,PPC
243,467,12-1,3,180,22000,9.9e+07,3.3e+09,5,22000,8.4e+07,2.9e+09,PPC
244,467,12-2,4,50,70,1100,9700000,5,5,5,5,spore spoilage
245,467,12-3,3,240,30,2900,180000,20,5,5,20,spore spoilage
246,467,13,3,50,70,4e+08,2.6e+08,5,5,460,50000,spore spoilage
247,467,13-1,3,80,10,80,30,5,5,5,2000,no spoilage
248,467,13-2,4,60,20,10,5,5,5,5,5,no spoilage
249,467,13-3,3,50,150,210,1100000,5,5,5,5,spore spoilage
250,467,14,3,40,100,340000,2.9e+08,100,5,280,50000,spore spoilage
251,467,15,4,100,50,4.4e+07,2.5e+07,5,5,50,50000,spore spoilage
252,471,11,6,50,NA,100,60000,5,NA,5,5,spore spoilage
253,471,12,6,140,NA,60,80,5,NA,5,5,no spoilage
254,471,12-1,6,30,NA,30,1.1e+08,5,NA,5,9.3e+07,PPC
255,471,13,6,80,NA,50,1700,5,NA,5,5,no spoilage
256,471,13-1,6,50,NA,1.8e+07,1.4e+08,5,NA,1.6e+07,1.3e+08,PPC
257,471,14,6,70,NA,30,60,5,NA,5,5,no spoilage
258,471,14-1,6,100,NA,430,60,5,NA,5,5,no spoilage
259,471,15,6,10,NA,8600,6500000,5,NA,5,500,spore spoilage
260,471,15-1,6,3,NA,1100,1200000,5,NA,5,50000,spore spoilage
261,466,61,1,180,3900000,5900000,NA,20,5500000,6800000,NA,PPC
262,466,62,1,360,4e+07,6.5e+08,NA,40,4e+07,4.2e+08,NA,PPC
263,466,62-1,1,350,4e+07,3.3e+08,NA,20,4e+07,6200000,NA,PPC
264,466,63,1,590,160000,1.2e+08,NA,20,170000,1.6e+08,NA,PPC
265,466,65,1,4900,69000,2400000,NA,5,4500,2600000,NA,PPC
266,469,51,5,40,NA,2.1e+08,NA,20,NA,1.9e+08,NA,PPC
267,469,52,5,150,NA,3e+08,NA,40,NA,3.5e+08,NA,PPC
268,469,53,5,70,NA,7.6e+07,NA,20,NA,7.8e+07,NA,PPC
269,469,55,5,3,NA,1.6e+08,NA,40,NA,1.6e+08,NA,PPC
270,469,71,7,18000,NA,2e+08,NA,16000,NA,1.6e+08,NA,PPC
271,469,72,7,6400,NA,8.9e+07,NA,7200,NA,1.7e+08,NA,PPC
272,469,73,7,3200,NA,6e+07,NA,3000,NA,5.4e+07,NA,PPC
273,469,75,7,190,NA,1200000,NA,5,NA,5,NA,spore spoilage
274,471,51,3,110,140,51000,2200000,5,5,5,880,spore spoilage
275,471,51-1,3,180,NA,64000,1.1e+08,5,NA,5,5,spore spoilage
276,471,52,5,670,NA,1700000,9.1e+07,5,NA,2200000,9e+07,PPC
277,471,52-1,2,480,280,390,850000,5,5,1700,5,spore spoilage
278,471,53,3,210,100,430,240000,5,5,5,5,spore spoilage
279,471,53-1,2,240,110,650,83000,5,5,5,2100,no spoilage
280,471,54,5,680,NA,4500,1900000,5,NA,5,5,spore spoilage
281,471,54-1,6,380,NA,72000,5200000,5,NA,5,220,spore spoilage
282,464,61,6,40,7400,3.6e+07,3.2e+08,5,5,4e+08,4.4e+08,PPC
283,464,61-1,5,10,140,61000,2100000,5,5,500,2000,spore spoilage
284,467,61,7,180,NA,390000,1.1e+08,5,NA,120000,8.2e+07,PPC
285,467,61-1,6,40,NA,1100,1200000,5,NA,5,370000,PPC
286,471,41,7,110,NA,4e+07,2.1e+08,120,NA,4e+07,2.1e+08,PPC
287,471,41-1,6,480,NA,6.6e+07,3.4e+08,380,NA,8.7e+07,3.6e+08,PPC
288,466,51,2,10,2200,5e+05,1300000,5,3600,50000,50000,PPC
289,466,52,2,30,4e+06,4.6e+08,1.3e+08,5,4e+06,7.6e+08,8.2e+07,PPC
290,466,52-1,2,20,20,330000,1.2e+07,5,5,5,50000,spore spoilage
291,466,53,2,30,30,41000,2900000,5,5,5,500,spore spoilage
292,466,53-1,2,20,10,11000,7400000,5,5,5,50000,spore spoilage
293,466,53-2,2,20,30,58000,5600000,5,5,5,500,spore spoilage
294,466,55,2,20,20,6800,3.4e+07,5,5,5,500,spore spoilage
295,466,55-1,2,40,30,22000,7.2e+07,5,5,5,50000,spore spoilage
296,468,31-1,1,20,20,90,4500,5,5,5,5,no spoilage
297,468,32,1,3,10,40,9200,5,5,5,5,no spoilage
298,468,32-1,1,5,10,20,33000,5,5,5,8400,no spoilage
299,468,33,1,3,10,40,67000,5,5,5,5,spore spoilage
300,468,35,1,40,70,210000,1.6e+08,5,5,5,5,spore spoilage
301,468,35-1,1,10,40,360000,2.2e+08,5,5,5,5,spore spoilage
302,470,61,3,30,20,310000,1.1e+08,5,5,6500,3100,spore spoilage
303,470,62,3,10,450,160000,4e+06,5,340,55000,50000,PPC
304,470,62-1,3,10,80,8300000,6.7e+07,5,80,1200000,2.2e+07,PPC
305,470,62-2,3,20,3,10000,1.9e+07,5,5,5,3.1e+07,PPC
306,470,63,3,80,2600,9.5e+07,1.6e+08,5,3000,1.3e+08,2e+08,PPC
307,470,63-1,3,80,20,290,1500,5,5,5,5,no spoilage
308,470,64,3,20,80,4e+05,1.5e+08,5,5,21000,5,spore spoilage
309,470,64-1,3,30,50,30,15000,5,5,5,5,no spoilage
310,470,65,3,40,2100,1.8e+08,3.6e+08,5,5,5,520,spore spoilage
311,464,11,5,110,NA,140,570,5,NA,5,5,no spoilage
312,464,12,5,50,NA,30,540000,5,NA,20,5,no spoilage
313,464,12-1,5,20,NA,130,140000,5,NA,5,5,no spoilage
314,464,13,5,50,NA,250000,1.6e+08,5,NA,4e+06,1.6e+08,PPC
315,464,13-1,5,130,NA,110,710,5,NA,5,5,no spoilage
316,464,14,5,20,NA,100,4000,5,NA,5,500,no spoilage
317,470,21,2,10,60,590,1700,5,5,5,5,no spoilage
318,470,22,2,20,30,190,8700,5,5,5,5,no spoilage
319,470,22-1,2,30,10,50,7000,5,5,5,1800,no spoilage
320,470,23,2,50,1200,500,93000,5,860,500,5,PPC
321,470,24,2,30,20,30,2600,5,5,5,5,no spoilage
322,502,11,2,70,130,4e+06,2.5e+08,5,5,4e+06,2.2e+08,PPC
323,502,12,2,470,40000,3.2e+09,7.5e+08,180,15000,3.7e+08,7.4e+08,PPC
324,502,12-1,2,810,45000,3.5e+08,1.2e+10,460,26000,4.7e+08,1.5e+10,PPC
325,502,13,2,60,270,2.5e+08,8.4e+09,5,180,4.1e+07,8.9e+09,PPC
326,502,14,2,50,2800,2.1e+09,1.1e+10,5,2200,2.7e+09,1e+10,PPC
327,502,21,2,400,62000,2.3e+08,NA,5,33000,3.5e+08,NA,PPC
328,502,22,3,360,7100,3.8e+08,NA,100,8800,9.2e+08,NA,PPC
329,502,22-1,3,430,1500,3.2e+07,NA,200,2000,3.4e+07,NA,PPC
330,502,22-2,3,150,80,7100,NA,5,5,5,NA,no spoilage
331,502,23,3,1100,34000,2.1e+08,NA,560,33000,2.1e+08,NA,PPC
332,502,25,3,2.5,10,4e+06,NA,5,5,4e+11,NA,PPC
333,502,25-1,3,40,60,4e+09,NA,60,80,4e+09,NA,PPC
334,502,31,0,10,220,1500000,NA,5,5,540000,NA,PPC
335,502,31-1,1,2.5,60,560000,NA,5,5,66000,NA,PPC
336,502,32,1,50,4e+06,1e+09,NA,5,4e+06,1.5e+09,NA,PPC
337,502,32-1,1,2.5,4e+06,4.9e+07,NA,5,4e+06,1.9e+08,NA,PPC
338,502,33,1,10,4e+06,1.4e+09,NA,5,4e+06,1.3e+09,NA,PPC
339,502,35,1,10,64000,1.2e+09,NA,5,63000,2.7e+09,NA,PPC
340,502,35-1,1,20,18000,5.1e+07,NA,5,5,5000,NA,spore spoilage
341,502,41,1,2.5,2800,1.1e+08,3.6e+08,5,2900,9.2e+07,3.6e+08,PPC
342,502,41-1,10,2.5,NA,2.5,2.5,5,NA,5,5,no spoilage
343,502,45,3,2.5,30,4e+06,1200000,5,5,5,5,spore spoilage
344,502,45-1,3,2.5,10,4e+06,2.2e+07,5,5,5,5,spore spoilage
345,502,46,2,10,40,2.5,40,5,5,5,5,no spoilage
346,502,46-1,2,2.5,1200,2.5e+08,8.9e+08,5,3200,6.2e+08,2e+09,PPC
347,502,51,4,2.5,10,4e+06,NA,5,5,4e+06,NA,PPC
348,502,52,4,2.5,380,8e+08,NA,5,320,1.1e+09,NA,PPC
349,502,52-1,4,2.5,130,1.3e+09,NA,5,180,1.8e+09,NA,PPC
350,502,52-2,4,20,230,3.3e+07,NA,5,100,3.7e+07,NA,PPC
351,502,53,4,2.5,2.5,10,NA,5,5,5,NA,no spoilage
352,502,54,4,10,170,5.3e+07,NA,5,260,3.2e+08,NA,PPC
353,502,55,4,10,20,22000,NA,5,5,1200,NA,no spoilage
354,503,11,2,2.5,7700,2.2e+07,NA,5,10000,2.9e+07,NA,PPC
355,503,11-1,2,10,29000,3.4e+07,NA,5,44000,5.1e+07,NA,PPC
356,503,11-2,2,10,70000,1.3e+09,NA,5,57000,1e+09,NA,PPC
357,503,15,2,21000,3.7e+07,2.7e+09,NA,35000,2.8e+07,3e+09,NA,PPC
358,503,15-1,2,680,1.6e+07,2.1e+09,NA,620,1.5e+07,1.8e+09,NA,PPC
359,503,16,10,4e+06,NA,2.5e+07,NA,4e+06,NA,1.7e+07,NA,PPC
360,503,16-1,3,10,340,4.9e+07,NA,5,220,5.6e+07,NA,PPC
361,503,21,2,30,2.5,30,17000,5,5,5,5,no spoilage
362,503,22,2,30,10,2.5,40,5,5,5,5,no spoilage
363,503,22-1,2,2.5,10,2.5,2.5,5,5,5,5,no spoilage
364,503,22-2,2,10,2.5,10,2.5,5,5,5,5,no spoilage
365,503,23,2,10,2.5,10000,7.4e+08,5,5,11000,6.6e+08,PPC
366,503,25,2,20,10,8200,180000,5,5,5,5,no spoilage
367,503,31,1,190,230,1800,NA,5,5,5,NA,no spoilage
368,503,31-1,3,130,70,1900,NA,5,5,1800,NA,no spoilage
369,503,31-2,2,50,220000,1.3e+09,NA,5,320000,1.1e+09,NA,PPC
370,503,41,2,1400,12000,3600,NA,5,5,60,NA,no spoilage
371,503,41-1,4,2500,6400000,2e+09,NA,680,1.4e+07,1.7e+09,NA,PPC
372,503,51,3,80,2.5,2.5,4700,5,5,5,5,no spoilage
373,503,51-1,6,2.5,NA,19000,3.9e+08,5,NA,30000,4.7e+08,PPC
374,503,51-2,6,20,NA,90,1.4e+07,5,NA,140,1.5e+07,PPC
375,503,51-3,3,10,30,10,32000,5,5,5,30000,no spoilage
376,503,61,3,600,11000,9.3e+08,NA,5,1700,6.6e+08,NA,PPC
377,503,62,3,4e+06,7e+08,9.7e+08,NA,29000,2.4e+07,2.3e+08,NA,PPC
378,503,62-1,6,430,NA,5400000,NA,5,NA,80000,NA,PPC
379,503,62-2,3,10,170,4.4e+07,NA,5,5,30000,NA,PPC
380,503,63,4,30,3200000,1.4e+09,NA,5,2500000,1.1e+09,NA,PPC
381,503,64,3,710,2.4e+07,1.8e+09,NA,760,2.9e+07,1.8e+09,NA,PPC
382,503,65,7,2.5,NA,130,NA,5,NA,1800000,NA,PPC
383,503,65-1,3,16000,40000,4.2e+08,NA,13000,120000,3.8e+08,NA,PPC
384,503,71,3,10,20,20,NA,5,5,5,NA,no spoilage
385,503,72,3,10,2.5,70,NA,5,5,5,NA,no spoilage
386,503,72-1,3,2.5,2.5,2.5,NA,5,5,5,NA,no spoilage
387,503,72-2,3,2.5,2.5,2.5,NA,5,5,5,NA,no spoilage
388,503,73,3,2.5,610000,8.9e+08,NA,5,340000,5.8e+08,NA,PPC
389,503,74,3,2.5,4600,1.5e+09,NA,5,4100,1.5e+09,NA,PPC
390,503,75,3,10,60,4500000,NA,5,5,5,NA,spore spoilage
391,503,75-1,3,110,2.5,230000,NA,5,5,5,NA,spore spoilage
392,503,75-2,3,130,70,22000,7e+06,5,5,5,5,spore spoilage
393,503,76,3,300,100,530000,4.7e+09,5,5,660000,5.3e+09,PPC
394,503,76-1,3,130,180,16000,3.4e+07,5,5,60,4000,spore spoilage
395,503,81,3,680,220000,3.1e+07,NA,5,220000,2.4e+07,NA,PPC
396,503,81-1,3,600,510,1200,NA,5,5,20,NA,no spoilage
397,503,82-1,3,650,5600,3.4e+07,NA,5,17000,4.1e+07,NA,PPC
398,503,82-2,3,640,1200,5300000,NA,5,140,5400000,NA,PPC
399,503,83,3,1000,3.4e+07,5.3e+08,NA,840,3.4e+07,4.5e+08,NA,PPC
400,503,84,3,90,49000,1.9e+08,NA,5,37000,3.5e+08,NA,PPC
401,503,84-1,3,50,9000,1.8e+07,NA,5,12000,2.4e+07,NA,PPC
402,503,85,2,10,110,270000,NA,5,5,5,NA,spore spoilage
403,503,85-1,2,70,1.1e+07,3.8e+08,NA,5,1.4e+07,4.1e+08,NA,PPC
404,504,11,4,12000,2.3e+07,1.1e+09,NA,7700,3e+07,1.1e+09,NA,PPC
405,504,11-1,7,42000,NA,1.3e+08,NA,63000,NA,1e+08,NA,PPC
406,504,21,3,20,60,350,230000,5,5,5,5,no spoilage
407,504,21-1,3,170,120,4e+06,1.6e+07,5,5,5,5,spore spoilage
408,504,22,2,180,170,81000,3e+07,5,5,2700,22000,spore spoilage
409,504,25,2,20,40,4e+06,1.4e+09,5,5,5,5,spore spoilage
410,504,25-1,1,40,360,4e+06,1.4e+07,5,1800,1.6e+08,4.6e+08,PPC
411,504,25-2,2,30,20,120000,1e+09,5,5,5,5,spore spoilage
412,504,31,5,2.5,NA,31000,NA,5,NA,44000,NA,PPC
413,504,31-1,5,2.5,NA,380,NA,5,NA,260,NA,no spoilage
414,504,35,4,700,460,4e+06,NA,5,5,5,NA,spore spoilage
415,504,35-1,4,1000,350,5500,NA,5,5,5,NA,no spoilage
416,504,41,3,10,1400,6.7e+07,NA,5,320,5,NA,spore spoilage
417,504,42,3,30,140,6.3e+07,NA,5,40,6.8e+07,NA,PPC
418,504,43,3,20,2.5,19000,NA,5,5,1300,NA,no spoilage
419,504,45,4,2.5,6300,4e+09,NA,5,5,5,NA,spore spoilage
420,504,45-1,4,40,2.5,4e+06,NA,5,5,420,NA,spore spoilage
421,504,46,8,120,NA,240000,NA,5,NA,1100,NA,spore spoilage
422,504,46-1,4,60,120000,2.6e+09,NA,5,95000,5e+05,NA,spore spoilage
423,504,46-2,8,20,NA,2500,NA,5,NA,5,NA,no spoilage
424,504,51,3,60,780000,1.9e+09,NA,5,820000,2.2e+09,NA,PPC
425,504,52,3,180,2e+06,1.5e+09,NA,140,2e+06,1.4e+09,NA,PPC
426,504,53,3,90,2300000,2.3e+08,NA,60,2800000,2.4e+08,NA,PPC
427,504,53-1,4,140,1700000,6.2e+08,NA,120,1200000,3.7e+08,NA,PPC
428,504,55,4,90,850000,9.8e+08,NA,5,9e+05,5e+08,NA,PPC
429,504,55-1,4,320,3e+06,6.8e+08,NA,80,5e+06,7.4e+08,NA,PPC
430,504,61,3,5800,10000,3e+07,5.6e+08,120,5600,4.2e+07,5.9e+08,PPC
431,504,61-1,4,4400,4300,1.1e+07,6.6e+07,5,3800,2e+07,1.3e+08,PPC
432,504,62,1,30,780,1300000,5.4e+07,5,5,5,NA,spore spoilage
433,504,63,2,90,1500,3400,2200000,5,5,5,5,spore spoilage
434,504,65,4,90,960,2.7e+09,2.3e+07,5,1500,2.8e+09,1e+09,PPC
435,504,65-1,4,20,560,2.5e+07,1.7e+09,5,180,1.1e+07,1.2e+09,PPC
436,504,71,2,2.5,2.5,460,3100000,5,5,5,5,spore spoilage
437,504,71-1,2,10,2.5,130,1500000,5,5,5,5,spore spoilage
438,504,71-2,4,50,20,15000,1.1e+07,5,5,5,5,spore spoilage
439,504,75,2,2.5,12000,3e+06,8600000,5,5,5,5,spore spoilage
440,504,75-1,5,30,NA,77000,99000,5,NA,560,13000,no spoilage
441,504,76,6,2.5,NA,10,2600,5,NA,5,5,no spoilage
442,505,21,2,50,13000,2.9e+08,3.5e+09,5,28000,3.4e+08,3.8e+09,PPC
443,505,22,2,20,2.5,4e+06,1300000,5,5,5,4e+06,PPC
444,505,22-1,2,50,20,220,67000,5,5,40,58000,no spoilage
445,505,23,2,20,2.5,4200000,2.8e+08,5,5,4e+06,3.2e+08,PPC
446,505,25,2,20,2.5,540,1300000,5,5,5,4e+06,PPC
447,505,25-1,2,60,10,820,1900000,5,5,5,5,spore spoilage
448,505,25-2,2,180,150,4e+06,260000,5,5,5,5,spore spoilage
449,505,31,2,10,28000,3e+07,4.1e+08,5,33000,3.1e+07,2.6e+08,PPC
450,505,31-1,6,10,NA,3700000,2.6e+09,5,NA,4e+06,2.5e+09,PPC
451,505,31-2,2,2.5,2600,2e+07,3.4e+07,5,2900,20000,440000,spore spoilage
452,505,51,3,40,20,320,310000,5,5,5,5,spore spoilage
453,505,51-1,3,20,50,720,6600000,5,5,460,3900000,PPC
454,505,61,2,350,30000,1.8e+09,9.8e+08,5,36000,1.9e+09,1.1e+09,PPC
455,505,62,2,520,1200,2.8e+07,1.2e+09,5,400,3.3e+07,1.1e+09,PPC
456,505,62-1,2,410,630,78000,4.9e+07,5,5,5,5,spore spoilage
457,505,62-2,2,400,650,95000,3.1e+07,5,5,5,5,spore spoilage
458,505,63,2,580,390,37000,8300000,5,5,5,5,spore spoilage
459,505,63-1,2,510,39000,7e+07,1.1e+09,5,43000,3.1e+08,1e+09,PPC
460,505,64,2,430,480,1.3e+07,3.4e+08,5,20,42000,860000,PPC
461,505,65,3,450,410,4e+06,3.8e+07,5,5,5,5,spore spoilage
462,505,71,3,500,230,190,70,5,5,5,5,no spoilage
463,505,72,3,480,290,100,6900,5,5,5,5,no spoilage
464,505,73,3,420,260,190,2500,5,5,5,5,no spoilage
465,505,73-1,3,380,290,140,110,5,5,5,5,no spoilage
466,505,73-2,3,420,300,210,60,5,5,5,5,no spoilage
467,505,74,3,530,450,110,60,5,5,5,5,no spoilage
468,505,74-1,5,360,NA,500,170,5,NA,5,5,no spoilage
469,505,75,5,2.5,NA,4e+06,2300000,5,NA,5,5,spore spoilage
470,505,75-1,5,10,NA,4e+06,2500000,5,NA,5,5,spore spoilage
471,505,76,5,10,NA,110,2800000,5,NA,5,5,spore spoilage
472,505,76-1,6,30,NA,30,30,5,NA,5,5,no spoilage
473,505,76-2,3,40,40,4e+06,1.1e+08,5,5,5,5,spore spoilage
474,505,81,3,2.5,10,240,35000,5,5,5,5,no spoilage
475,505,81-1,17,10,NA,NA,2.5,5,NA,NA,5,no spoilage
476,505,85,3,2.5,2.5,110000,6.3e+09,5,5,5,5,spore spoilage
477,505,85-1,3,2.5,2.5,59000,1.6e+09,5,5,29000,4200000,PPC
478,505,86,9,20,NA,20,80,5,NA,5,5,no spoilage
479,505,86-1,16,2.5,NA,NA,4e+06,5,NA,NA,5,spore spoilage
480,506,1,3,40,280,2.4e+07,1.6e+09,5,180,2.9e+07,1.6e+09,PPC
481,506,2,3,110,80,6500000,9.9e+08,5,5,6700000,7.8e+08,PPC
482,506,02-1,3,90,20,12000,1.1e+08,5,5,42000,1.1e+08,PPC
483,506,02-2,3,80,60,680,1800000,5,5,20,69000,spore spoilage
484,506,3,3,120,1200,3.2e+07,3.6e+08,5,1200,3.7e+07,3.2e+08,PPC
485,506,4,3,100,1800,6.5e+07,4.7e+07,5,4100,2.4e+09,2e+08,PPC
486,506,5,3,30,190,4.2e+07,7.2e+08,5,180,3.6e+07,9.5e+08,PPC
487,506,31,2,70,2e+07,2.8e+08,NA,120,2e+07,3.5e+08,NA,PPC
488,506,31-1,2,20,4e+06,1.8e+08,NA,5,4e+06,1.8e+08,NA,PPC
489,506,31-2,10,4e+06,NA,4e+07,NA,4e+06,NA,3.6e+07,NA,PPC
490,506,35,2,40,88000,2.4e+09,NA,5,70000,3.5e+09,NA,PPC
491,506,35-1,2,50,35000,4.1e+08,NA,5,49000,9e+08,NA,PPC
492,506,36,10,4e+06,NA,5.4e+08,NA,4e+06,NA,6.3e+08,NA,PPC
493,506,36-1,9,120000,NA,2.6e+09,NA,4e+06,NA,2.6e+09,NA,PPC
494,506,41,2,2.5,430,9900000,NA,5,540,1e+07,NA,PPC
495,506,41-1,2,2.5,4e+06,1.4e+07,NA,5,4e+06,1.2e+07,NA,PPC
496,506,45,3,1200,1300,37000,NA,5,5,50000,NA,PPC
497,506,45-1,3,1000,1100,4e+06,NA,5,5,5,NA,spore spoilage
498,506,51,3,3400,1.8e+07,5.1e+08,NA,5000,2e+07,4.4e+08,NA,PPC
499,506,61,3,170,51000,1.2e+09,NA,5,49000,1.4e+09,NA,PPC
500,506,62,3,50,60000,2.9e+09,NA,5,74000,2.5e+09,NA,PPC
501,506,62-1,2,60,4e+06,7.5e+08,NA,5,4e+06,7.2e+08,NA,PPC
502,506,63,3,100,74000,9.4e+08,NA,5,73000,9.8e+08,NA,PPC
503,506,64,3,20,1200,8.3e+08,NA,5,680,7.4e+08,NA,PPC
504,506,65,3,140,73000,4.8e+08,NA,5,76000,5.2e+08,NA,PPC
505,506,65-1,3,10,61000,3.2e+09,NA,5,64000,3.4e+09,NA,PPC
506,506,65-2,3,20,73000,2.2e+09,NA,5,80000,2e+09,NA,PPC
507,506,71,5,190,NA,8700000,7.5e+07,5,NA,8200000,5.6e+07,PPC
508,506,71-1,2,60,26000,1.9e+07,7.4e+08,5,17000,2.1e+07,3.4e+08,PPC
509,506,71-2,5,90,NA,4e+06,2.6e+08,5,NA,2.3e+07,2.4e+08,PPC
510,506,75,10,100,NA,2100000,1e+10,81,NA,7e+06,8.4e+07,PPC
511,506,81,3,1600,1100,5.4e+07,NA,5,420,4.4e+07,NA,PPC
512,506,83,3,300,39000,5.6e+07,NA,5,39000,4.7e+07,NA,PPC
513,506,84,3,130,1800,5e+07,NA,5,2100,4.7e+07,NA,PPC
514,506,84-1,3,280,110,7300,NA,5,5,5,NA,no spoilage
515,506,84-2,3,360,360,1700,NA,5,5,5,NA,no spoilage
516,506,85,3,50,910,4e+09,NA,5,5,5,NA,spore spoilage
517,506,85-1,3,20,3600,3.3e+09,NA,5,2000,9.6e+08,NA,PPC
518,506,91,2,310,18000,2.1e+07,NA,5,20000,2.5e+07,NA,PPC
519,506,91-1,3,20,10000,2.3e+07,NA,5,11000,3.1e+07,NA,PPC
520,507,11,4,3200,2.9e+07,3.5e+09,NA,4500,2.7e+07,2.7e+09,NA,PPC
521,507,21,4,130,100,27000,NA,5,5,4e+06,NA,PPC
522,507,25,9,110,NA,240,NA,5,NA,40,NA,no spoilage
523,507,31,3,90,120,240,540000,5,5,5,5,no spoilage
524,507,32,3,50,170,3.2e+07,2.2e+09,5,1800,6.3e+07,9.7e+09,PPC
525,507,32-1,3,120,40000,4.5e+07,3.4e+07,5,36000,1.8e+09,2.4e+07,PPC
526,507,32-2,3,60,60,610,3100000,5,5,5,5,spore spoilage
527,507,33,3,80,49000,4.1e+07,5.1e+09,5,45000,4.3e+07,6.9e+09,PPC
528,507,34,3,60,45000,7e+07,3.5e+09,5,66000,7.2e+07,3.6e+09,PPC
529,507,41,2,10,970,1.6e+07,NA,5,1100,1.6e+07,NA,PPC
530,507,42,3,2.5,10,10,NA,5,5,5,NA,no spoilage
531,507,42-1,3,10,10,230,NA,5,5,5,NA,no spoilage
532,507,42-2,3,150,12000,1.8e+07,NA,5,16000,1.8e+07,NA,PPC
533,507,43,3,2.5,2.5,90,NA,5,5,5,NA,no spoilage
534,507,45,3,10,10,11000,NA,5,5,5,NA,no spoilage
535,507,45-1,3,2.5,2.5,12000,NA,5,5,6900,NA,no spoilage
536,507,51,3,510,10000,3.4e+07,NA,5,15000,5.2e+07,NA,PPC
537,507,52,3,250,3200,3.7e+07,NA,5,2900,4e+07,NA,PPC
538,507,52-2,4,280,80,870,NA,5,5,5,NA,no spoilage
539,507,52-3,3,50,70,40,NA,5,5,5,NA,no spoilage
540,507,53,3,2.5,2.5,150,NA,5,5,5,NA,no spoilage
541,507,54,3,2.5,2.5,8500,NA,5,5,5,NA,no spoilage
542,507,55,4,10,2e+06,7e+09,NA,5,2e+06,5.9e+09,NA,PPC
543,507,55-1,3,10,1300,1.7e+09,NA,5,1600,1.3e+09,NA,PPC
544,507,61,3,40,570000,1.6e+08,2e+09,5,1400000,2.5e+08,2e+09,PPC
545,507,61-1,3,120,4e+06,2.7e+08,5.7e+08,5,340,3900000,5.6e+07,PPC
546,507,65,3,10,680000,3.7e+07,1.4e+08,5,760000,1.2e+08,3.5e+08,PPC
547,507,65-1,3,20,3800000,3.6e+08,4e+11,5,5900000,4.4e+07,1.9e+09,PPC
548,507,71,4,10,90,1.8e+07,NA,5,140,1.9e+07,NA,PPC
549,507,71-1,7,1100,NA,1.2e+08,NA,740,NA,1.3e+08,NA,PPC
550,507,81,2,2.5,860,2.1e+07,7.8e+08,5,1000,2.5e+07,5.4e+08,PPC
551,507,81-1,3,2.5,30,2.5,100,5,5,5,5,no spoilage
552,507,85,2,2.5,730,1.1e+07,1.6e+07,5,5,5,5,spore spoilage
553,507,86,3,2.5,2.5,2.5,2.5,5,5,5,5,no spoilage
554,508,11,2,10,10,2.5,2.5,5,5,5,5,no spoilage
555,508,12,2,2.5,10,2.5,2.5,5,5,5,5,no spoilage
556,508,12-1,2,2.5,2.5,2.5,2.5,5,5,5,5,no spoilage
557,508,12-2,2,2.5,2.5,10,3000,5,5,5,5,no spoilage
558,508,13,2,2.5,2.5,2.5,2.5,5,5,5,5,no spoilage
559,508,15,2,2.5,2.5,1300,5800000,5,5,5,5,spore spoilage
560,508,21,3,10,5500,4.4e+07,NA,5,17000,3.7e+07,NA,PPC
561,508,21-1,2,10,4800,4.8e+07,NA,5,3900,4.6e+07,NA,PPC
562,508,21-2,6,2500,NA,3.8e+07,NA,3200,NA,4.8e+07,NA,PPC
563,508,31,7,300,NA,1900,2300000,5,NA,5,5,spore spoilage
564,508,32,3,610,640,2.1e+07,5e+07,5,40,3.6e+07,6.4e+07,PPC
565,508,32-1,3,510,1.2e+07,1e+09,4.6e+08,480,2.7e+07,1.1e+09,1.7e+09,PPC
566,508,32-2,3,460,630,45000,2.8e+07,5,5,38000,1.1e+07,PPC
567,508,32-3,7,20,NA,1.4e+07,1.4e+09,20,NA,1.5e+07,9.7e+08,PPC
568,508,33,9,18000,NA,6e+07,5.2e+07,41000,NA,3.1e+07,8.6e+08,PPC
569,508,34,3,440,760,77000,7100000,5,5,5,5,spore spoilage
570,508,35,3,60,2900,1.3e+09,4.4e+09,5,3000,6.9e+08,1.1e+09,PPC
571,508,41,2,2.5,2.5,2.5,80,5,5,5,5,no spoilage
572,508,41-1,3,2.5,2.5,10,1600,5,5,5,1100,no spoilage
573,508,42,2,2.5,2.5,10,2.5,5,5,5,5,no spoilage
574,508,42-1,2,2.5,2.5,2.5,100,5,5,5,5,no spoilage
575,508,42-2,2,2.5,10,2.5,1700,5,5,5,5,no spoilage
576,508,43,2,2.5,2.5,7000,3.2e+07,5,5,5,5,spore spoilage
577,508,44,2,2.5,2.5,2.5,50,5,5,5,5,no spoilage
578,508,45,3,2.5,2.5,52000,7.8e+07,5,5,5,5,spore spoilage
579,508,45-1,3,2.5,2.5,42000,4.4e+07,5,5,5,5,spore spoilage
580,508,45-2,3,10,20,6600,4e+09,5,5,140,3300,spore spoilage
581,508,46,3,10,40,11000,1.9e+08,5,5,5,5,spore spoilage
582,508,46-1,3,2.5,20,1700,4200000,5,5,5,5,spore spoilage
583,508,51,3,20,1600,5.2e+07,NA,5,1500,5.3e+07,NA,PPC
584,508,51-1,3,10,4100,5700000,NA,5,9300,3.4e+07,NA,PPC
585,508,52,3,20,600,4e+07,NA,5,700,4.3e+07,NA,PPC
586,508,52-1,3,30,40,50,NA,5,5,5,NA,no spoilage
587,508,52-2,3,2.5,30,1.3e+07,NA,5,40,1.1e+07,NA,PPC
588,508,53,3,20,1000,1e+07,NA,5,860,8600000,NA,PPC
589,508,53-1,3,10,12000,5.7e+08,NA,5,21000,1.8e+09,NA,PPC
590,508,54,3,30,980,1.9e+07,NA,5,1100,4.9e+07,NA,PPC
591,508,55,3,40,50,13000,NA,5,5,5,NA,no spoilage
592,508,55-1,3,2.5,30,7000,NA,5,5,5,NA,no spoilage
593,508,55-2,3,20,2.5,3800,NA,5,5,5,NA,no spoilage
594,508,61,3,20,10,20,NA,5,5,5,NA,no spoilage
595,508,62,3,30,12000,2.7e+07,NA,5,18000,5.6e+07,NA,PPC
596,508,62-1,3,2.5,2.5,30,NA,5,5,20,NA,no spoilage
597,508,62-2,3,10,10,1600,NA,5,5,2700,NA,no spoilage
598,508,62-3,3,30,10,280,NA,5,5,5,NA,no spoilage
599,508,63,3,20,10,80,NA,5,5,5,NA,no spoilage
600,508,64,3,10,2.5,20,NA,5,5,5,NA,no spoilage
601,508,65,3,20,120,5.3e+07,NA,5,40,5.4e+07,NA,PPC
602,509,11,3,70,530,3300000,NA,5,660,4200000,NA,PPC
603,509,12,3,30,2.5,7200000,NA,5,5,4e+06,NA,PPC
604,509,12-2,3,50,60,1.6e+07,NA,5,60,1.7e+07,NA,PPC
605,509,12-3,3,20,7500,3.6e+07,NA,40,9300,4.7e+07,NA,PPC
606,509,13,3,30,950,1.2e+07,NA,5,780,1.8e+07,NA,PPC
607,509,15,3,110,990,8.3e+08,NA,5,1000,9.1e+08,NA,PPC
608,509,15-1,3,150,860,6.2e+08,NA,5,900,5.3e+07,NA,PPC
609,509,16,3,1200,960,340000,NA,5,5,92000,NA,PPC
610,509,21,6,690,NA,9100000,8.9e+08,5,NA,8700000,8.6e+08,PPC
611,509,21-1,6,530,NA,3300,1.6e+07,5,NA,5,5,spore spoilage
612,509,23,7,2.5,NA,970,2900000,5,NA,5,5,spore spoilage
613,509,25,2,2.5,110,4e+06,2.8e+07,5,5,5,5,spore spoilage
614,509,25-1,6,10,NA,2900000,2.2e+09,20,NA,2600000,2.1e+09,PPC
615,509,25-2,2,40,1600,1800000,3.9e+09,5,5,5,5,spore spoilage
616,509,31,2,70,70,490,NA,5,5,5,NA,no spoilage
617,509,31-1,3,20,20,10,NA,5,5,5,NA,no spoilage
618,509,31-2,4,90,30,350,NA,5,5,5,NA,no spoilage
619,509,41,1,170,1200000,4e+07,NA,5,6500000,9.2e+07,NA,PPC
620,509,41-1,1,380,730,26000,NA,5,5,5,NA,spore spoilage
621,509,42,1,260,690000,7.2e+08,NA,5,380000,3.3e+08,NA,PPC
622,509,42-1,1,440,14000,2.8e+07,NA,20,10000,1.1e+07,NA,PPC
623,509,43,1,350,20000,2.5e+07,NA,5,19000,2.8e+07,NA,PPC
624,509,45,1,290,1300000,3e+09,NA,5,2100000,1.4e+09,NA,PPC
625,509,45-1,1,300,7300000,7.1e+09,NA,5,7700000,3.5e+09,NA,PPC
626,509,51,2,110,1200,1.3e+07,NA,5,5,5,NA,spore spoilage
627,509,52,2,40,150000,5.2e+08,NA,5,220000,5.3e+08,NA,PPC
628,509,52-1,2,30,53000,5.7e+08,NA,5,51000,5.5e+08,NA,PPC
629,509,53,2,40,330000,1.2e+08,NA,5,220000,1.4e+08,NA,PPC
630,509,54,3,50,160,1900000,NA,5,5,5,NA,spore spoilage
631,509,55,2,70,250000,3.4e+09,NA,5,240000,3.2e+09,NA,PPC
632,509,55-1,3,10,46000,4.7e+08,NA,5,56000,4e+08,NA,PPC
633,509,55-2,3,30,1200000,3.5e+09,NA,5,1100000,3.4e+09,NA,PPC
634,509,61,3,330,4500000,8.8e+07,NA,140,1.5e+07,1.2e+08,NA,PPC
635,509,63,3,530,10000,1.6e+07,NA,280,7e+05,4300000,NA,PPC
636,509,64,3,170,350000,3.6e+07,NA,5,340000,3.3e+07,NA,PPC
637,509,64-1,3,140,6e+05,5.3e+07,NA,20,1300000,4.2e+08,NA,PPC
638,509,64-2,3,900,5200000,2e+09,NA,780,1.1e+07,1.1e+09,NA,PPC
639,509,65,3,20,970,1.1e+08,NA,5,5,5,NA,spore spoilage
640,509,65-1,3,30,1100,9.9e+07,NA,5,20,2100,NA,spore spoilage
641,510,11,4,920,1.6e+07,1.2e+09,NA,1100,1.6e+07,1.2e+09,NA,PPC
642,510,21,1,130,110,160,NA,5,5,3500000,NA,PPC
643,510,21-1,1,50,3000,5.1e+07,NA,5,2800,5.5e+07,NA,PPC
644,510,25,1,20,28000,4.7e+08,NA,5,33000,3.6e+08,NA,PPC
645,510,31,5,2.5,NA,210,1800000,5,NA,5,5,spore spoilage
646,510,31-1,5,2.5,NA,2.5,14000,5,NA,5,5,no spoilage
647,510,35,3,510,1200,6700,1500000,5,5,6900,680000,PPC
648,510,35-1,3,560,1000,6800,7300000,5,5,5,5,spore spoilage
649,510,41,3,40,40,19000,NA,5,5,5,NA,no spoilage
650,510,42,3,10,30,24000,NA,5,5,5,NA,spore spoilage
651,510,43,3,20,90,4e+06,NA,5,5,5,NA,spore spoilage
652,510,45,3,30,1300,1.1e+07,NA,5,5,5,NA,spore spoilage
653,510,46,3,40,11000,8.2e+08,NA,5,5,5,NA,spore spoilage
654,510,51,5,2.5,NA,50000,NA,5,NA,340,NA,spore spoilage
655,510,51-1,5,190,NA,1.2e+07,NA,500,NA,2.8e+07,NA,PPC
656,510,51-2,5,20,NA,48000,NA,5,NA,1400000,NA,PPC
657,510,55,2,40,2100,3.6e+07,NA,5,1700,5e+07,NA,PPC
658,510,55-1,2,10,190,45000,NA,5,5,5,NA,spore spoilage
659,510,61,3,310,150,4e+06,NA,5,5,4e+06,NA,PPC
660,510,61-1,3,180,310000,3.6e+07,NA,5,740000,4.3e+07,NA,PPC
661,510,62,3,420,310,310,NA,5,5,5,NA,no spoilage
662,510,63,3,210,150,130,NA,5,5,5,NA,no spoilage
663,510,65,3,90,33000,9.1e+09,NA,5,35000,1.1e+10,NA,PPC
664,510,71,3,270,270,170,800,5,5,5,5,no spoilage
665,510,72,3,640,720,360,1200,5,5,5,5,no spoilage
666,510,73,3,510,640,380,56000,5,5,5,5,no spoilage
667,510,73-1,3,640,3700,3.3e+07,1e+10,5,12000,6.3e+07,8.4e+08,PPC
668,510,73-2,5,120,NA,80,20,5,NA,5,5,no spoilage
669,510,73-3,3,580,380,470,1300,5,5,5,5,no spoilage
670,510,74,3,670,650,330,280,5,5,5,5,no spoilage
671,510,74-1,6,530,NA,330,550,5,NA,5,5,no spoilage
672,510,75,5,440,NA,36000,1e+07,5,NA,5,5,spore spoilage
673,510,75-1,6,90,NA,13000,1.7e+09,5,NA,5,120,spore spoilage
674,510,76,5,40,NA,120,110000,5,NA,5,5,no spoilage
675,510,76-1,6,30,NA,40,410,5,NA,5,5,no spoilage
676,510,76-2,3,150,70,4e+06,8.8e+08,5,5,5,5,spore spoilage
677,510,81,2,80,5100,1.5e+07,NA,5,14000,2.6e+07,NA,PPC
678,510,81-1,6,110,NA,1.9e+07,NA,40,NA,1.9e+07,NA,PPC
679,510,91,2,150,120,8200,3400000,5,5,5,5,spore spoilage
680,510,91-1,3,160,210,1800,480000,5,5,5,5,no spoilage
681,510,95,7,130,NA,2e+06,1.6e+09,5,NA,5,5,spore spoilage
682,510,96,2,80,120,2100,8.1e+07,5,5,5,5,spore spoilage
683,511,11,3,180,30,9600,NA,5,5,9300,NA,no spoilage
684,511,11-1,3,100,340,1.1e+07,NA,5,240,1.1e+07,NA,PPC
685,511,12,3,10,10,320,NA,5,5,420,NA,no spoilage
686,511,12-1,3,90,40,1.4e+07,NA,5,60,1.5e+07,NA,PPC
687,511,12-2,3,60,69000,3.9e+07,NA,5,64000,3.2e+07,NA,PPC
688,511,13,3,80,10,5700000,NA,5,5,6100000,NA,PPC
689,511,15,3,170,450,1.4e+07,NA,5,280,1.2e+07,NA,PPC
690,511,15-1,3,190,550,2.2e+07,NA,5,100,1.6e+07,NA,PPC
691,511,21,3,10,8000,3.7e+07,NA,5,9700,4.6e+07,NA,PPC
692,511,21-1,3,20,470000,4.1e+08,NA,5,5e+05,4.3e+08,NA,PPC
693,511,21-2,3,30,890000,6e+07,NA,40,920000,6e+07,NA,PPC
694,511,25,2,2.5,620000,4.9e+07,NA,5,9e+05,3.6e+07,NA,PPC
695,511,25-1,2,2.5,1100000,3.2e+08,NA,5,1300000,3.8e+08,NA,PPC
696,511,26,9,17000,NA,3.6e+09,NA,NA,NA,3.7e+09,NA,PPC
697,511,26-1,3,190,3.6e+07,NA,NA,220,3.8e+07,NA,NA,PPC
698,511,31,2,10,10,2.5,17000,5,5,5,5,no spoilage
699,511,31-1,2,2.5,160,89000,1200000,5,5,5,5,spore spoilage
700,511,32,2,10,10,4e+06,5.7e+09,5,5,4e+06,6.4e+09,PPC
701,511,33,2,2.5,10,10,11000,5,5,5,13000,no spoilage
702,511,35,2,2.5,50,1e+05,3.1e+09,5,5,5,5,spore spoilage
703,511,35-1,2,20,2.5,51000,2.5e+09,5,5,5,5,spore spoilage
704,511,35-2,2,2.5,10,42000,3.6e+09,5,5,5,5,spore spoilage
705,511,41,3,10,30,150000,3.4e+07,5,5,140000,2.9e+07,PPC
706,511,41-1,3,2.5,20,80,2000,5,5,5,5,no spoilage
707,511,41-2,3,2.5,30,30,41000,5,5,5,50000,no spoilage
708,511,51,3,30,10,13000,5400000,5,5,5,5,spore spoilage
709,511,51-1,10,10,NA,2.5,20,5,NA,5,5,no spoilage
710,511,55,1,20,30,32000,2.2e+10,5,5,5,5,spore spoilage
711,511,55-1,1,2.5,20,96000,3.6e+07,5,5,5,5,spore spoilage
712,511,56,6,130,NA,220,6400,5,NA,5,5,no spoilage
713,511,56-1,6,30,NA,10,280,5,NA,5,5,no spoilage
714,511,61,1,10,2.5,21000,3800000,5,5,4e+06,6.4e+07,PPC
715,511,61-1,7,4e+06,NA,4.7e+09,4e+08,4e+06,NA,4.8e+09,4.2e+08,PPC
716,511,62,4,90,13000,2.7e+08,3.8e+09,5,11000,5.2e+07,3.7e+09,PPC
717,511,63,4,180,1.9e+07,1.6e+09,2.3e+10,40,1.8e+07,9.3e+08,2.6e+09,PPC
718,511,65,4,20,50000,1.1e+10,1.8e+09,5,2e+05,1.6e+08,1.7e+08,PPC
719,511,65-1,2,2.5,12000,4.3e+09,4e+11,5,13000,4.4e+09,1.4e+10,PPC
720,511,71,3,380,490,8.4e+08,NA,5,200,9.2e+08,NA,PPC
721,511,72,3,610,360,480000,NA,5,20,4e+06,NA,PPC
722,511,72-1,3,80,250,1e+09,NA,5,200,1e+09,NA,PPC
723,511,73,3,980,950,1200,NA,5,5,5,NA,no spoilage
724,511,74,3,1400,1300,1900,NA,5,5,5,NA,no spoilage
725,511,75,3,420,380,8500,NA,5,5,5,NA,no spoilage
726,512,11,3,480,300,1600,NA,5,5,5,NA,no spoilage
727,512,11-1,3,80,180,1500000,NA,5,5,4e+06,NA,PPC
728,512,11-2,3,260,340,1100,NA,5,5,5,NA,no spoilage
729,512,15,2,160,310,620000,NA,5,5,5,NA,spore spoilage
730,512,15-1,2,240,340,1700000,NA,5,5,5,NA,spore spoilage
731,512,21,3,80,510000,2.4e+09,NA,5,620000,2.5e+09,NA,PPC
732,512,21-1,1,30,3600,1.9e+09,NA,5,3100,1.5e+09,NA,PPC
733,512,31,3,40,10,42000,7.1e+08,5,5,42000,8.8e+08,PPC
734,512,32,3,50,40,4e+06,2.2e+09,5,5,4e+06,3e+09,PPC
735,512,32-1,3,570,870,50000,3.3e+08,5,5,76000,3.7e+07,PPC
736,512,32-2,3,30,20000,5.4e+08,1.3e+09,5,17000,6.5e+08,2.2e+09,PPC
737,512,33,3,20,550,2.9e+09,1.9e+09,5,520,2.6e+09,3e+08,PPC
738,512,35,3,20,940,1.1e+10,3.9e+09,5,660,1.1e+10,4e+11,PPC
739,512,35-1,3,20,1700,3.6e+09,4e+11,5,1700,3.5e+09,4.8e+09,PPC
740,512,41,10,6700,NA,1.5e+07,1.2e+10,6800,NA,1.8e+07,7.3e+09,PPC
741,512,42,10,730,NA,700,160000,5,NA,5,5,no spoilage
742,512,42-1,3,570,9200,9e+08,4e+09,5,8800,6.1e+07,4.3e+09,PPC
743,512,42-2,3,420,7800,1.5e+09,1.4e+08,5,7900,1.5e+09,1.2e+08,PPC
744,512,42-3,3,500,28000,2.1e+09,3.9e+09,5,28000,2.3e+09,4.1e+09,PPC
745,512,43,10,330,NA,560,5.8e+07,5,NA,460,6.2e+07,PPC
746,512,44,10,560,NA,220,1200000,5,NA,5,5,spore spoilage
747,512,45,3,20,810,2.1e+07,7.6e+09,5,5,5,5e+05,spore spoilage
748,512,51,3,260,5800,9.6e+08,NA,5,7300,1.1e+09,NA,PPC
749,512,51-1,3,170,17000,9.2e+08,NA,5,24000,9.1e+08,NA,PPC
750,512,52,3,4000,11000,5.2e+08,NA,5,13000,6.3e+08,NA,PPC
751,512,52-1,4,3200,1.6e+07,5.5e+08,NA,420,1.8e+07,6.8e+08,NA,PPC
752,512,52-2,3,330,2400,9.1e+08,NA,5,3300,1e+09,NA,PPC
753,512,53,4,3000,15000,1.1e+09,NA,5,20000,1.1e+09,NA,PPC
754,512,54,4,3800,1100000,3.2e+09,NA,5,1100000,3.9e+09,NA,PPC
755,512,55,4,50,48000,7.4e+09,NA,5,56000,5000,NA,spore spoilage
756,512,55-1,3,3400,2.8e+07,8.4e+09,NA,7800,2.6e+07,6.7e+09,NA,PPC
757,512,61,2,70,1200,1.1e+09,4.5e+09,5,1100,1.2e+09,5.3e+09,PPC
758,512,61-1,3,140,3300,1.9e+09,8.3e+09,5,4100,2.3e+09,8.9e+09,PPC
759,512,62,2,180,3700000,1.8e+09,4.2e+09,100,5700000,1.7e+09,6.2e+09,PPC
760,512,62-1,3,240,NA,4e+06,4e+07,5,5,4e+06,6.7e+08,PPC
761,512,62-2,3,10,2.5,2.5,190,5,5,5,5,no spoilage
762,512,63,2,50,5100,7.5e+08,2.7e+09,5,5700,8.8e+08,2.6e+09,PPC
763,512,64,2,170,3100000,1.4e+09,4.5e+09,100,3500000,1.7e+09,6.9e+09,PPC
764,512,65,3,180,150,4e+06,3700000,5,5,5,5,spore spoilage
765,512,65-1,3,40,10,3600000,8.5e+09,5,20,5e+06,7.6e+09,PPC
766,512,65-2,3,220,6700,1e+10,4e+11,5,11000,3.6e+09,6.4e+09,PPC
767,512,65-3,3,50,49000,8.4e+09,4e+11,20,49000,2.6e+09,3.9e+09,PPC
768,512,66,3,60,70,45000,1.2e+09,5,5,5,5,spore spoilage
769,512,66-1,3,40,380,4e+06,3.1e+09,5,5,5,5,spore spoilage
